id,rank,name,creator,video_url,description,points,difficulty,duration_seconds,record_requirement,thumbnail_url,created_at,updated_at
6ac2f74f-0355-4f25-943e-0a06fbf90876,83,"Tartarus","Uruguay Community",https://youtu.be/placeholder,"A challenging demon level: Tartarus",135,EXTREME,854,100%,https://img.youtube.com/vi/placeholder-83/maxresdefault.jpg,2026-05-09T03:20:35.269Z,2026-05-09T03:20:35.269Z
1e583d10-0be5-4ed5-92be-7ee2925f2a58,134,"Zodiac","Uruguay Community",https://youtu.be/placeholder,"A challenging demon level: Zodiac",33,EXTREME,623,100%,https://img.youtube.com/vi/placeholder-134/maxresdefault.jpg,2026-05-09T03:20:35.269Z,2026-05-09T03:20:35.269Z
54d61f64-bc03-41b0-89ef-617388638310,149,"Thinking Space","Uruguay Community",https://youtu.be/placeholder,"A challenging demon level: Thinking Space",3,EXTREME,673,100%,https://img.youtube.com/vi/placeholder-149/maxresdefault.jpg,2026-05-09T03:20:35.269Z,2026-05-09T03:20:35.269Z
c8d04e05-ab32-4632-91ec-525364759182,152,"Renevant","Uruguay Community",https://youtu.be/placeholder,"A challenging demon level: Renevant",1,EXTREME,868,100%,https://img.youtube.com/vi/placeholder-152/maxresdefault.jpg,2026-05-09T03:20:35.269Z,2026-05-09T03:20:35.269Z
f191e8ad-0ea0-480d-92fe-ea6c57ecec32,160,"Crimson Planet","Uruguay Community",https://youtu.be/placeholder,"A challenging demon level: Crimson Planet",1,EXTREME,842,100%,https://img.youtube.com/vi/placeholder-160/maxresdefault.jpg,2026-05-09T03:20:35.269Z,2026-05-09T03:20:35.269Z
d8c05774-64f8-4ede-a07a-46ef16b6a233,174,"Call Me Maybe","Uruguay Community",https://youtu.be/placeholder,"A challenging demon level: Call Me Maybe",1,EXTREME,709,100%,https://img.youtube.com/vi/placeholder-174/maxresdefault.jpg,2026-05-09T03:20:35.269Z,2026-05-09T03:20:35.269Z
1f8399c4-7d9e-4735-a753-d45ea7749cb9,186,"SUPERHATEMEWORLD","Uruguay Community",https://youtu.be/placeholder,"A challenging demon level: SUPERHATEMEWORLD",1,EXTREME,713,100%,https://img.youtube.com/vi/placeholder-186/maxresdefault.jpg,2026-05-09T03:20:35.269Z,2026-05-09T03:20:35.269Z
cdc60e5c-10e7-45fb-9449-5723f37e4e01,192,"Sides Of My Mind (Solo)","Uruguay Community",https://youtu.be/placeholder,"A challenging demon level: Sides Of My Mind (Solo)",1,EXTREME,871,100%,https://img.youtube.com/vi/placeholder-192/maxresdefault.jpg,2026-05-09T03:20:35.269Z,2026-05-09T03:20:35.269Z
2e1b0002-ffe6-473d-b56b-7033f324af15,216,"Bloodlust","Uruguay Community",https://youtu.be/placeholder,"A challenging demon level: Bloodlust",1,EXTREME,607,100%,https://img.youtube.com/vi/placeholder-216/maxresdefault.jpg,2026-05-09T03:20:35.269Z,2026-05-09T03:20:35.269Z
891d6a5c-a954-4ebb-b4f6-ab51e0afc44d,227,"Nhelv","Uruguay Community",https://youtu.be/placeholder,"A challenging demon level: Nhelv",1,EXTREME,824,100%,https://img.youtube.com/vi/placeholder-227/maxresdefault.jpg,2026-05-09T03:20:35.269Z,2026-05-09T03:20:35.269Z
5df41d50-67ad-4cc4-8877-5c17f1b621d7,233,"Congregation","Uruguay Community",https://youtu.be/placeholder,"A challenging demon level: Congregation",1,EXTREME,785,100%,https://img.youtube.com/vi/placeholder-233/maxresdefault.jpg,2026-05-09T03:20:35.269Z,2026-05-09T03:20:35.269Z
7c55d63a-f59b-4f4c-8d4f-c565370ba535,241,"Knights of Thunder","Uruguay Community",https://youtu.be/placeholder,"A challenging demon level: Knights of Thunder",1,EXTREME,619,100%,https://img.youtube.com/vi/placeholder-241/maxresdefault.jpg,2026-05-09T03:20:35.269Z,2026-05-09T03:20:35.269Z
9e89e4bd-a583-4fc8-9fe6-bdd4a33b8dd1,268,"Arctic Lights","Uruguay Community",https://youtu.be/placeholder,"A challenging demon level: Arctic Lights",1,EXTREME,749,100%,https://img.youtube.com/vi/placeholder-268/maxresdefault.jpg,2026-05-09T03:20:35.269Z,2026-05-09T03:20:35.269Z
5b5057ff-1071-4f4c-89bf-d4d5176a1dea,317,"Wasureta","Uruguay Community",https://youtu.be/placeholder,"A challenging demon level: Wasureta",1,EXTREME,890,100%,https://img.youtube.com/vi/placeholder-317/maxresdefault.jpg,2026-05-09T03:20:35.269Z,2026-05-09T03:20:35.269Z
2e4b0f2d-3d44-4c71-b9d9-ef355ff5ff20,332,"Sonic Wave Rebirth","Uruguay Community",https://youtu.be/placeholder,"A challenging demon level: Sonic Wave Rebirth",1,EXTREME,639,100%,https://img.youtube.com/vi/placeholder-332/maxresdefault.jpg,2026-05-09T03:20:35.269Z,2026-05-09T03:20:35.269Z
4afd02a8-a28e-4cea-a16b-3a7a2e2f3e2b,333,"Sonic Wave","Uruguay Community",https://youtu.be/placeholder,"A challenging demon level: Sonic Wave",1,EXTREME,788,100%,https://img.youtube.com/vi/placeholder-333/maxresdefault.jpg,2026-05-09T03:20:35.269Z,2026-05-09T03:20:35.269Z
9a3db694-86f5-4cdb-9895-8c919ba8e06f,342,"Yatagarasu","Uruguay Community",https://youtu.be/placeholder,"A challenging demon level: Yatagarasu",1,EXTREME,656,100%,https://img.youtube.com/vi/placeholder-342/maxresdefault.jpg,2026-05-09T03:20:35.269Z,2026-05-09T03:20:35.269Z
33c15634-ed60-4bbb-8ce5-1335c2d132e4,356,"xo","Uruguay Community",https://youtu.be/placeholder,"A challenging demon level: xo",1,EXTREME,883,100%,https://img.youtube.com/vi/placeholder-356/maxresdefault.jpg,2026-05-09T03:20:35.269Z,2026-05-09T03:20:35.269Z
152357ad-8b58-419d-9436-7fbe9fe49550,363,"GONER","Uruguay Community",https://youtu.be/placeholder,"A challenging demon level: GONER",1,EXTREME,728,100%,https://img.youtube.com/vi/placeholder-363/maxresdefault.jpg,2026-05-09T03:20:35.269Z,2026-05-09T03:20:35.269Z
0191eff3-1637-4ef0-92a2-991e1270d6f7,376,"Sunset Sandstorm","Uruguay Community",https://youtu.be/placeholder,"A challenging demon level: Sunset Sandstorm",1,EXTREME,744,100%,https://img.youtube.com/vi/placeholder-376/maxresdefault.jpg,2026-05-09T03:20:35.269Z,2026-05-09T03:20:35.269Z
254996c7-bd30-4276-b0cf-a1e8fff167d0,378,"Erebus","Uruguay Community",https://youtu.be/placeholder,"A challenging demon level: Erebus",1,EXTREME,667,100%,https://img.youtube.com/vi/placeholder-378/maxresdefault.jpg,2026-05-09T03:20:35.269Z,2026-05-09T03:20:35.269Z
4da154c7-038f-40bc-84b3-2bafc1ac0223,404,"Catalyze","Uruguay Community",https://youtu.be/placeholder,"A challenging demon level: Catalyze",1,EXTREME,778,100%,https://img.youtube.com/vi/placeholder-404/maxresdefault.jpg,2026-05-09T03:20:35.269Z,2026-05-09T03:20:35.269Z
e9a1b4e2-f956-482e-9953-86783fe767ed,435,"Digital Descent","Uruguay Community",https://youtu.be/placeholder,"A challenging demon level: Digital Descent",1,EXTREME,734,100%,https://img.youtube.com/vi/placeholder-435/maxresdefault.jpg,2026-05-09T03:20:35.269Z,2026-05-09T03:20:35.269Z
95cd51e6-a5d8-404c-9e69-29e0ea8b8c19,436,"Stalemate Redux","Uruguay Community",https://youtu.be/placeholder,"A challenging demon level: Stalemate Redux",1,EXTREME,898,100%,https://img.youtube.com/vi/placeholder-436/maxresdefault.jpg,2026-05-09T03:20:35.269Z,2026-05-09T03:20:35.269Z
4dff485a-5886-4332-b752-e4343223637f,438,"Omicron","Uruguay Community",https://youtu.be/placeholder,"A challenging demon level: Omicron",1,EXTREME,836,100%,https://img.youtube.com/vi/placeholder-438/maxresdefault.jpg,2026-05-09T03:20:35.269Z,2026-05-09T03:20:35.269Z
f4a9f690-5683-4bd3-be38-c6582c32a901,444,"Jard Factory","Uruguay Community",https://youtu.be/placeholder,"A challenging demon level: Jard Factory",1,EXTREME,704,100%,https://img.youtube.com/vi/placeholder-444/maxresdefault.jpg,2026-05-09T03:20:35.269Z,2026-05-09T03:20:35.269Z
ca3b0cfe-63f8-4791-916b-4ca853f177b7,460,"Killbot","Uruguay Community",https://youtu.be/placeholder,"A challenging demon level: Killbot",1,EXTREME,884,100%,https://img.youtube.com/vi/placeholder-460/maxresdefault.jpg,2026-05-09T03:20:35.269Z,2026-05-09T03:20:35.269Z
aa651d51-492a-445e-82e1-42c5502e0e61,464,"Delta Interface","Uruguay Community",https://youtu.be/placeholder,"A challenging demon level: Delta Interface",1,EXTREME,696,100%,https://img.youtube.com/vi/placeholder-464/maxresdefault.jpg,2026-05-09T03:20:35.269Z,2026-05-09T03:20:35.269Z
1cb988e0-caaf-4bd9-a954-36c9ec875f22,467,"Artificial Ascent","Uruguay Community",https://youtu.be/placeholder,"A challenging demon level: Artificial Ascent",1,EXTREME,884,100%,https://img.youtube.com/vi/placeholder-467/maxresdefault.jpg,2026-05-09T03:20:35.269Z,2026-05-09T03:20:35.269Z
82f92365-b613-4bad-b57f-ffc8c8bd7d68,486,"2‎ 1‎ 1","Uruguay Community",https://youtu.be/placeholder,"A challenging demon level: 2‎ 1‎ 1",1,EXTREME,719,100%,https://img.youtube.com/vi/placeholder-486/maxresdefault.jpg,2026-05-09T03:20:35.269Z,2026-05-09T03:20:35.269Z
c9b00f18-74fb-4a63-8d6f-a00904ad2b10,498,"Mind Control","Uruguay Community",https://youtu.be/placeholder,"A challenging demon level: Mind Control",1,EXTREME,688,100%,https://img.youtube.com/vi/placeholder-498/maxresdefault.jpg,2026-05-09T03:20:35.269Z,2026-05-09T03:20:35.269Z
4751fa6a-f76a-4ffa-b899-26843a099ecb,499,"Quantum Processing","Uruguay Community",https://youtu.be/placeholder,"A challenging demon level: Quantum Processing",1,EXTREME,705,100%,https://img.youtube.com/vi/placeholder-499/maxresdefault.jpg,2026-05-09T03:20:35.269Z,2026-05-09T03:20:35.269Z
ba4f5baf-6612-428d-9edb-56ebf43d4d07,504,"Black Blizzard","Uruguay Community",https://youtu.be/placeholder,"A challenging demon level: Black Blizzard",1,EXTREME,628,100%,https://img.youtube.com/vi/placeholder-504/maxresdefault.jpg,2026-05-09T03:20:35.269Z,2026-05-09T03:20:35.269Z
f9dcba0a-3060-43e5-9a09-a740ce06b597,508,"SECTOR 19","Uruguay Community",https://youtu.be/placeholder,"A challenging demon level: SECTOR 19",1,EXTREME,835,100%,https://img.youtube.com/vi/placeholder-508/maxresdefault.jpg,2026-05-09T03:20:35.269Z,2026-05-09T03:20:35.269Z
718b7cdb-7643-47ed-ad9b-193fe80d46fe,517,"Astral Divinity","Uruguay Community",https://youtu.be/placeholder,"A challenging demon level: Astral Divinity",1,EXTREME,645,100%,https://img.youtube.com/vi/placeholder-517/maxresdefault.jpg,2026-05-09T03:20:35.269Z,2026-05-09T03:20:35.269Z
46cf69cf-7fd2-47e3-be85-8eda11e7c694,528,"BuTiTi III","Uruguay Community",https://youtu.be/placeholder,"A challenging demon level: BuTiTi III",1,EXTREME,767,100%,https://img.youtube.com/vi/placeholder-528/maxresdefault.jpg,2026-05-09T03:20:35.269Z,2026-05-09T03:20:35.269Z
e3f947e3-782b-4550-b759-b009de5aef31,546,"Magnificent Gaps","Uruguay Community",https://youtu.be/placeholder,"A challenging demon level: Magnificent Gaps",1,EXTREME,796,100%,https://img.youtube.com/vi/placeholder-546/maxresdefault.jpg,2026-05-09T03:20:35.269Z,2026-05-09T03:20:35.269Z
7e05b94d-b931-476b-9f10-3d87fb8ec8fd,558,"Hatred","Uruguay Community",https://youtu.be/placeholder,"A challenging demon level: Hatred",1,EXTREME,610,100%,https://img.youtube.com/vi/placeholder-558/maxresdefault.jpg,2026-05-09T03:20:35.269Z,2026-05-09T03:20:35.269Z
ae42442d-e2ad-4033-89e4-d84e7bd8c684,571,"Auditory Breaker","Uruguay Community",https://youtu.be/placeholder,"A challenging demon level: Auditory Breaker",1,EXTREME,828,100%,https://img.youtube.com/vi/placeholder-571/maxresdefault.jpg,2026-05-09T03:20:35.269Z,2026-05-09T03:20:35.269Z
a3c06889-4a5f-41de-b7c9-4fcf2f0cf736,578,"Surge of the Shield","Uruguay Community",https://youtu.be/placeholder,"A challenging demon level: Surge of the Shield",1,EXTREME,848,100%,https://img.youtube.com/vi/placeholder-578/maxresdefault.jpg,2026-05-09T03:20:35.269Z,2026-05-09T03:20:35.269Z
12cbc6d5-bbb9-4842-8aba-2aa4c810d6b7,581,"Hyper Paradox","Uruguay Community",https://youtu.be/placeholder,"A challenging demon level: Hyper Paradox",1,EXTREME,852,100%,https://img.youtube.com/vi/placeholder-581/maxresdefault.jpg,2026-05-09T03:20:35.269Z,2026-05-09T03:20:35.269Z
17e0a12e-1a43-4c46-a410-678c946024b3,583,"SubSonic","Uruguay Community",https://youtu.be/placeholder,"A challenging demon level: SubSonic",1,INSANE,393,100%,https://img.youtube.com/vi/placeholder-583/maxresdefault.jpg,2026-05-09T03:20:35.269Z,2026-05-09T03:20:35.269Z
cd17edfe-c5fa-40b0-bc50-62ec95e41e98,585,"Dolos","Uruguay Community",https://youtu.be/placeholder,"A challenging demon level: Dolos",1,INSANE,304,100%,https://img.youtube.com/vi/placeholder-585/maxresdefault.jpg,2026-05-09T03:20:35.269Z,2026-05-09T03:20:35.269Z
188bcff1-73c6-4c54-97a8-fc55bb120e17,593,"The Hell Inferno","Uruguay Community",https://youtu.be/placeholder,"A challenging demon level: The Hell Inferno",1,INSANE,448,100%,https://img.youtube.com/vi/placeholder-593/maxresdefault.jpg,2026-05-09T03:20:35.269Z,2026-05-09T03:20:35.269Z
c11669be-4bc3-4a24-9d78-f2ce91224ed1,599,"Boogie","Uruguay Community",https://youtu.be/placeholder,"A challenging demon level: Boogie",1,INSANE,455,100%,https://img.youtube.com/vi/placeholder-599/maxresdefault.jpg,2026-05-09T03:20:35.269Z,2026-05-09T03:20:35.269Z
91749c4d-9026-4685-8101-7c757a04f80a,621,"Athanatos","Uruguay Community",https://youtu.be/placeholder,"A challenging demon level: Athanatos",1,INSANE,457,100%,https://img.youtube.com/vi/placeholder-621/maxresdefault.jpg,2026-05-09T03:20:35.269Z,2026-05-09T03:20:35.269Z
1b6b2c3e-68c1-4b11-94c3-efb1270b69c0,626,"Gentlemens Clique (Solo)","Uruguay Community",https://youtu.be/placeholder,"A challenging demon level: Gentlemens Clique (Solo)",1,EXTREME,604,100%,https://img.youtube.com/vi/placeholder-626/maxresdefault.jpg,2026-05-09T03:20:35.269Z,2026-05-09T03:20:35.269Z
28141add-3bff-4735-94dd-966fe80a5838,627,"Wild Rose","Uruguay Community",https://youtu.be/placeholder,"A challenging demon level: Wild Rose",1,INSANE,428,100%,https://img.youtube.com/vi/placeholder-627/maxresdefault.jpg,2026-05-09T03:20:35.269Z,2026-05-09T03:20:35.269Z
80800cd5-1a51-446b-a363-b6e49d61031e,632,"Infernal Abyss","Uruguay Community",https://youtu.be/placeholder,"A challenging demon level: Infernal Abyss",1,INSANE,458,100%,https://img.youtube.com/vi/placeholder-632/maxresdefault.jpg,2026-05-09T03:20:35.269Z,2026-05-09T03:20:35.269Z
fab823c5-f9d3-438c-9fff-5a661394f8ec,651,"hot rod","Uruguay Community",https://youtu.be/placeholder,"A challenging demon level: hot rod",1,HARD,185,100%,https://img.youtube.com/vi/placeholder-651/maxresdefault.jpg,2026-05-09T03:20:35.269Z,2026-05-09T03:20:35.269Z
47d65965-106c-43bd-b627-c6c70bf4c135,652,"Based Gang (Solo)","Uruguay Community",https://youtu.be/placeholder,"A challenging demon level: Based Gang (Solo)",1,EXTREME,874,100%,https://img.youtube.com/vi/placeholder-652/maxresdefault.jpg,2026-05-09T03:20:35.269Z,2026-05-09T03:20:35.269Z
13e355d5-09c9-486b-9954-54093a980a2f,657,"WcropoliX","Uruguay Community",https://youtu.be/placeholder,"A challenging demon level: WcropoliX",1,INSANE,390,100%,https://img.youtube.com/vi/placeholder-657/maxresdefault.jpg,2026-05-09T03:20:35.269Z,2026-05-09T03:20:35.269Z
0518b11a-029d-4920-8550-2bfaaaec0cf2,660,"Bang Gang (Solo)","Uruguay Community",https://youtu.be/placeholder,"A challenging demon level: Bang Gang (Solo)",1,EXTREME,716,100%,https://img.youtube.com/vi/placeholder-660/maxresdefault.jpg,2026-05-09T03:20:35.269Z,2026-05-09T03:20:35.269Z
af2ffd72-56e2-4f88-9549-5fb42bbbc5b3,668,"Carnage Mode","Uruguay Community",https://youtu.be/placeholder,"A challenging demon level: Carnage Mode",1,INSANE,378,100%,https://img.youtube.com/vi/placeholder-668/maxresdefault.jpg,2026-05-09T03:20:35.269Z,2026-05-09T03:20:35.269Z
a9916daf-74f4-4ffc-b159-20f6d5145aa7,672,"Blade of Justice","Uruguay Community",https://youtu.be/placeholder,"A challenging demon level: Blade of Justice",1,HARD,222,100%,https://img.youtube.com/vi/placeholder-672/maxresdefault.jpg,2026-05-09T03:20:35.269Z,2026-05-09T03:20:35.269Z
c22a7828-3479-4eaf-943a-230a49412d67,679,"Phobos","Uruguay Community",https://youtu.be/placeholder,"A challenging demon level: Phobos",1,HARD,227,100%,https://img.youtube.com/vi/placeholder-679/maxresdefault.jpg,2026-05-09T03:20:35.269Z,2026-05-09T03:20:35.269Z
05c83764-3d65-4524-b852-97c9bcbf9762,683,"Asmodeus","Uruguay Community",https://youtu.be/placeholder,"A challenging demon level: Asmodeus",1,HARD,239,100%,https://img.youtube.com/vi/placeholder-683/maxresdefault.jpg,2026-05-09T03:20:35.269Z,2026-05-09T03:20:35.269Z
12bdcd7d-609f-456e-90ae-a262979c26d1,689,"EXPLICIT","Uruguay Community",https://youtu.be/placeholder,"A challenging demon level: EXPLICIT",1,HARD,259,100%,https://img.youtube.com/vi/placeholder-689/maxresdefault.jpg,2026-05-09T03:20:35.269Z,2026-05-09T03:20:35.269Z
26be1a34-6bf5-4462-ac67-d63fe391c06c,691,"Sakupen Hell","Uruguay Community",https://youtu.be/placeholder,"A challenging demon level: Sakupen Hell",1,HARD,295,100%,https://img.youtube.com/vi/placeholder-691/maxresdefault.jpg,2026-05-09T03:20:35.269Z,2026-05-09T03:20:35.269Z
3947efa2-2ef7-437e-8f20-3363ece72537,700,"Betrayal of Fate","Uruguay Community",https://youtu.be/placeholder,"A challenging demon level: Betrayal of Fate",1,HARD,181,100%,https://img.youtube.com/vi/placeholder-700/maxresdefault.jpg,2026-05-09T03:20:35.269Z,2026-05-09T03:20:35.269Z
d8fd06cb-9803-4c13-b875-aa53397a33b3,706,"Tenth Circle","Uruguay Community",https://youtu.be/placeholder,"A challenging demon level: Tenth Circle",1,HARD,272,100%,https://img.youtube.com/vi/placeholder-706/maxresdefault.jpg,2026-05-09T03:20:35.269Z,2026-05-09T03:20:35.269Z
c260bff1-9f09-4cf8-999d-1c576eae3415,710,"Fusion Z","Uruguay Community",https://youtu.be/placeholder,"A challenging demon level: Fusion Z",1,HARD,190,100%,https://img.youtube.com/vi/placeholder-710/maxresdefault.jpg,2026-05-09T03:20:35.269Z,2026-05-09T03:20:35.269Z
038109e3-5464-4181-ae50-d0dbbda52b8a,713,"Carcano","Uruguay Community",https://youtu.be/placeholder,"A challenging demon level: Carcano",1,HARD,232,100%,https://img.youtube.com/vi/placeholder-713/maxresdefault.jpg,2026-05-09T03:20:35.269Z,2026-05-09T03:20:35.269Z
3f702cb4-151d-4321-a36e-2f4149c48bd0,717,"Epsilon","Uruguay Community",https://youtu.be/placeholder,"A challenging demon level: Epsilon",1,HARD,230,100%,https://img.youtube.com/vi/placeholder-717/maxresdefault.jpg,2026-05-09T03:20:35.269Z,2026-05-09T03:20:35.269Z
eb934ce7-cfa4-4ffb-8836-f30aa88f4874,720,"Carbon Fiber","Uruguay Community",https://youtu.be/placeholder,"A challenging demon level: Carbon Fiber",1,HARD,270,100%,https://img.youtube.com/vi/placeholder-720/maxresdefault.jpg,2026-05-09T03:20:35.269Z,2026-05-09T03:20:35.269Z
8703877c-2454-44df-b4be-0f26a96af9bf,745,"Azurite","Uruguay Community",https://youtu.be/placeholder,"A challenging demon level: Azurite",1,HARD,223,100%,https://img.youtube.com/vi/placeholder-745/maxresdefault.jpg,2026-05-09T03:20:35.269Z,2026-05-09T03:20:35.269Z
5bb71a24-eff0-4d08-b8f5-4ae928c77e8d,752,"Gravity","Uruguay Community",https://youtu.be/placeholder,"A challenging demon level: Gravity",1,HARD,267,100%,https://img.youtube.com/vi/placeholder-752/maxresdefault.jpg,2026-05-09T03:20:35.269Z,2026-05-09T03:20:35.269Z
96c55828-daa1-48c8-8f7e-9f18be7f4d23,753,"Bloodbath","Uruguay Community",https://youtu.be/placeholder,"A challenging demon level: Bloodbath",1,HARD,186,100%,https://img.youtube.com/vi/placeholder-753/maxresdefault.jpg,2026-05-09T03:20:35.269Z,2026-05-09T03:20:35.269Z
4b0f875c-ed54-4a8d-af02-8dcbaf3ee49f,758,"Idols","Uruguay Community",https://youtu.be/placeholder,"A challenging demon level: Idols",1,HARD,224,100%,https://img.youtube.com/vi/placeholder-758/maxresdefault.jpg,2026-05-09T03:20:35.269Z,2026-05-09T03:20:35.269Z
7f23fc75-54e9-409b-86d2-d0e581fdec0e,762,"Moment","Uruguay Community",https://youtu.be/placeholder,"A challenging demon level: Moment",1,HARD,281,100%,https://img.youtube.com/vi/placeholder-762/maxresdefault.jpg,2026-05-09T03:20:35.269Z,2026-05-09T03:20:35.269Z
45f9b4ba-0de8-4084-b532-3ec086c28056,774,"Down Bass","Uruguay Community",https://youtu.be/placeholder,"A challenging demon level: Down Bass",1,HARD,199,100%,https://img.youtube.com/vi/placeholder-774/maxresdefault.jpg,2026-05-09T03:20:35.269Z,2026-05-09T03:20:35.269Z
9f9230f5-3e22-4cf7-9513-66fa0b456568,780,"Barbaros Finale","Uruguay Community",https://youtu.be/placeholder,"A challenging demon level: Barbaros Finale",1,HARD,287,100%,https://img.youtube.com/vi/placeholder-780/maxresdefault.jpg,2026-05-09T03:20:35.269Z,2026-05-09T03:20:35.269Z
d9a901b5-a0c5-4957-8622-9869247c9987,783,"i just wish i could","Uruguay Community",https://youtu.be/placeholder,"A challenging demon level: i just wish i could",1,EXTREME,851,100%,https://img.youtube.com/vi/placeholder-783/maxresdefault.jpg,2026-05-09T03:20:35.269Z,2026-05-09T03:20:35.269Z
66c6b3b5-0ed2-4aee-b38d-72be73b71a53,784,"Prismatic Haze","Uruguay Community",https://youtu.be/placeholder,"A challenging demon level: Prismatic Haze",1,HARD,288,100%,https://img.youtube.com/vi/placeholder-784/maxresdefault.jpg,2026-05-09T03:20:35.269Z,2026-05-09T03:20:35.269Z
394f4ba8-6448-4ab1-bc19-8bb435f1d980,787,"A Bizarre Phantasm","Uruguay Community",https://youtu.be/placeholder,"A challenging demon level: A Bizarre Phantasm",1,HARD,248,100%,https://img.youtube.com/vi/placeholder-787/maxresdefault.jpg,2026-05-09T03:20:35.269Z,2026-05-09T03:20:35.269Z
b66bb39e-eeaf-4b8b-a0d1-7449dc2f4a4c,797,"Conical Depression","Uruguay Community",https://youtu.be/placeholder,"A challenging demon level: Conical Depression",1,HARD,215,100%,https://img.youtube.com/vi/placeholder-797/maxresdefault.jpg,2026-05-09T03:20:35.269Z,2026-05-09T03:20:35.269Z
81a76c3e-aaf9-4aaa-a2ad-910ede0fd700,804,"EKO","Uruguay Community",https://youtu.be/placeholder,"A challenging demon level: EKO",1,HARD,248,100%,https://img.youtube.com/vi/placeholder-804/maxresdefault.jpg,2026-05-09T03:20:35.269Z,2026-05-09T03:20:35.269Z
bc93d9d9-fe0d-436e-b278-89c361e59890,830,"QDYNAMIX","Uruguay Community",https://youtu.be/placeholder,"A challenging demon level: QDYNAMIX",1,EASY,120,100%,https://img.youtube.com/vi/placeholder-830/maxresdefault.jpg,2026-05-09T03:20:35.269Z,2026-05-09T03:20:35.269Z
d1bfee91-af46-4cb7-99ad-e24cc6568491,838,"Overtime","Uruguay Community",https://youtu.be/placeholder,"A challenging demon level: Overtime",1,EASY,120,100%,https://img.youtube.com/vi/placeholder-838/maxresdefault.jpg,2026-05-09T03:20:35.269Z,2026-05-09T03:20:35.269Z
c3961889-8f71-4b33-8459-8e8aa5d1df54,856,"Lovers Sadness","Uruguay Community",https://youtu.be/placeholder,"A challenging demon level: Lovers Sadness",1,EASY,120,100%,https://img.youtube.com/vi/placeholder-856/maxresdefault.jpg,2026-05-09T03:20:35.269Z,2026-05-09T03:20:35.269Z
59021fe7-7919-4384-bd38-e2ff3bbd7816,898,"Aftermath","Uruguay Community",https://youtu.be/placeholder,"A challenging demon level: Aftermath",1,HARD,193,100%,https://img.youtube.com/vi/placeholder-898/maxresdefault.jpg,2026-05-09T03:20:35.269Z,2026-05-09T03:20:35.269Z
dd3a178a-c191-4490-a056-f0a92edef0e6,908,"Cat Planet","Uruguay Community",https://youtu.be/placeholder,"A challenging demon level: Cat Planet",1,EASY,120,100%,https://img.youtube.com/vi/placeholder-908/maxresdefault.jpg,2026-05-09T03:20:35.269Z,2026-05-09T03:20:35.269Z
ee919621-b98b-4d0a-92be-97890eb9f3a6,913,"Plasma Pulse III","Uruguay Community",https://youtu.be/placeholder,"A challenging demon level: Plasma Pulse III",1,HARD,273,100%,https://img.youtube.com/vi/placeholder-913/maxresdefault.jpg,2026-05-09T03:20:35.269Z,2026-05-09T03:20:35.269Z
8ad11fc1-fec6-4162-bf41-781ce07323ac,916,"Panasonic","Uruguay Community",https://youtu.be/placeholder,"A challenging demon level: Panasonic",1,EASY,120,100%,https://img.youtube.com/vi/placeholder-916/maxresdefault.jpg,2026-05-09T03:20:35.269Z,2026-05-09T03:20:35.269Z
8ee5d69e-bd54-44eb-aad9-689ba76698f1,923,"Maybe Possibly Thing","Uruguay Community",https://youtu.be/placeholder,"A challenging demon level: Maybe Possibly Thing",1,EASY,120,100%,https://img.youtube.com/vi/placeholder-923/maxresdefault.jpg,2026-05-09T03:20:35.269Z,2026-05-09T03:20:35.269Z
10df3e92-89a3-4205-8498-29788af1f8f0,924,"Manic Machine","Uruguay Community",https://youtu.be/placeholder,"A challenging demon level: Manic Machine",1,EASY,120,100%,https://img.youtube.com/vi/placeholder-924/maxresdefault.jpg,2026-05-09T03:20:35.269Z,2026-05-09T03:20:35.269Z
327ba39b-28a0-4e30-a12e-36c0578f1d43,925,"Warning","Uruguay Community",https://youtu.be/placeholder,"A challenging demon level: Warning",1,EASY,120,100%,https://img.youtube.com/vi/placeholder-925/maxresdefault.jpg,2026-05-09T03:20:35.269Z,2026-05-09T03:20:35.269Z
cafb22bf-20a1-4f52-8319-3cebe6d85af1,968,"Glide","Uruguay Community",https://youtu.be/placeholder,"A challenging demon level: Glide",1,EASY,120,100%,https://img.youtube.com/vi/placeholder-968/maxresdefault.jpg,2026-05-09T03:20:35.269Z,2026-05-09T03:20:35.269Z
a8b638f2-6e03-4d38-87da-f9ada2f3c9bd,972,"SLAY MOMENT","Uruguay Community",https://youtu.be/placeholder,"A challenging demon level: SLAY MOMENT",1,EASY,120,100%,https://img.youtube.com/vi/placeholder-972/maxresdefault.jpg,2026-05-09T03:20:35.269Z,2026-05-09T03:20:35.269Z
3f8be59a-7660-4fc8-b1eb-1e4316115b28,973,"Heartbeat","Uruguay Community",https://youtu.be/placeholder,"A challenging demon level: Heartbeat",1,EASY,120,100%,https://img.youtube.com/vi/placeholder-973/maxresdefault.jpg,2026-05-09T03:20:35.269Z,2026-05-09T03:20:35.269Z
99fa109a-e631-4dd0-b81d-5f160e6a512c,995,"VIRTUE","Uruguay Community",https://youtu.be/placeholder,"A challenging demon level: VIRTUE",1,EASY,120,100%,https://img.youtube.com/vi/placeholder-995/maxresdefault.jpg,2026-05-09T03:20:35.269Z,2026-05-09T03:20:35.269Z
16a649a0-ce85-4bed-b798-69d23031e151,996,"Under Lavaland","Uruguay Community",https://youtu.be/placeholder,"A challenging demon level: Under Lavaland",1,EASY,120,100%,https://img.youtube.com/vi/placeholder-996/maxresdefault.jpg,2026-05-09T03:20:35.269Z,2026-05-09T03:20:35.269Z
f221d229-5b87-407c-8a24-03bfcfd922c0,1021,"1330X","Uruguay Community",https://youtu.be/placeholder,"A challenging demon level: 1330X",1,EASY,120,100%,https://img.youtube.com/vi/placeholder-1021/maxresdefault.jpg,2026-05-09T03:20:35.269Z,2026-05-09T03:20:35.269Z
48cac1ea-a9d3-43fd-839e-eeb6c08f1914,1029,"Pumped Up Kicks","Uruguay Community",https://youtu.be/placeholder,"A challenging demon level: Pumped Up Kicks",1,EASY,120,100%,https://img.youtube.com/vi/placeholder-1029/maxresdefault.jpg,2026-05-09T03:20:35.269Z,2026-05-09T03:20:35.269Z
ae72b661-eae5-4335-ba28-882b3af00581,1035,"Cupid","Uruguay Community",https://youtu.be/placeholder,"A challenging demon level: Cupid",1,EASY,120,100%,https://img.youtube.com/vi/placeholder-1035/maxresdefault.jpg,2026-05-09T03:20:35.269Z,2026-05-09T03:20:35.269Z
6c9c74a9-ef57-4369-af65-8b8fd744f156,1039,"Skrrah","Uruguay Community",https://youtu.be/placeholder,"A challenging demon level: Skrrah",1,EASY,120,100%,https://img.youtube.com/vi/placeholder-1039/maxresdefault.jpg,2026-05-09T03:20:35.269Z,2026-05-09T03:20:35.269Z
3df53927-fa43-4e4f-9db9-20296175ce1e,1053,"Rivers of Nazareth","Uruguay Community",https://youtu.be/placeholder,"A challenging demon level: Rivers of Nazareth",1,EASY,120,100%,https://img.youtube.com/vi/placeholder-1053/maxresdefault.jpg,2026-05-09T03:20:35.269Z,2026-05-09T03:20:35.269Z
513873f3-4f61-41cb-9133-ce777b7adbc6,1054,"Shukufuku","Uruguay Community",https://youtu.be/placeholder,"A challenging demon level: Shukufuku",1,EASY,120,100%,https://img.youtube.com/vi/placeholder-1054/maxresdefault.jpg,2026-05-09T03:20:35.269Z,2026-05-09T03:20:35.269Z
7bbe0ad2-c1f4-4dc0-b32a-2c2304ce1e61,1066,"NecropoliX","Uruguay Community",https://youtu.be/placeholder,"A challenging demon level: NecropoliX",1,EASY,120,100%,https://img.youtube.com/vi/placeholder-1066/maxresdefault.jpg,2026-05-09T03:20:35.269Z,2026-05-09T03:20:35.269Z
5c2af885-2434-44fe-a097-d16d4db953c4,1071,"nowdead","Uruguay Community",https://youtu.be/placeholder,"A challenging demon level: nowdead",1,EASY,120,100%,https://img.youtube.com/vi/placeholder-1071/maxresdefault.jpg,2026-05-09T03:20:35.269Z,2026-05-09T03:20:35.269Z
5aec5bd5-85f1-4b26-813f-241cdb3e3a52,1089,"Steel Terrors","Uruguay Community",https://youtu.be/placeholder,"A challenging demon level: Steel Terrors",1,EASY,120,100%,https://img.youtube.com/vi/placeholder-1089/maxresdefault.jpg,2026-05-09T03:20:35.269Z,2026-05-09T03:20:35.269Z
d28d9cac-906d-499c-b83c-81319bcad54d,1092,"The Ultimate Phase","Uruguay Community",https://youtu.be/placeholder,"A challenging demon level: The Ultimate Phase",1,EASY,120,100%,https://img.youtube.com/vi/placeholder-1092/maxresdefault.jpg,2026-05-09T03:20:35.269Z,2026-05-09T03:20:35.269Z
f0eaba0a-851a-4bdf-a503-751e29a6fe8a,1113,"headlock","Uruguay Community",https://youtu.be/placeholder,"A challenging demon level: headlock",1,EASY,120,100%,https://img.youtube.com/vi/placeholder-1113/maxresdefault.jpg,2026-05-09T03:20:35.269Z,2026-05-09T03:20:35.269Z
36fba826-f8b8-49a5-bbfd-0d3ec4153053,1118,"BYE","Uruguay Community",https://youtu.be/placeholder,"A challenging demon level: BYE",1,EASY,120,100%,https://img.youtube.com/vi/placeholder-1118/maxresdefault.jpg,2026-05-09T03:20:35.269Z,2026-05-09T03:20:35.269Z
dd464388-5e78-46ac-bb8d-6ec8578f657c,1122,"Broken Signal","Uruguay Community",https://youtu.be/placeholder,"A challenging demon level: Broken Signal",1,EASY,120,100%,https://img.youtube.com/vi/placeholder-1122/maxresdefault.jpg,2026-05-09T03:20:35.269Z,2026-05-09T03:20:35.269Z
167c0fca-01e3-4656-a17d-497760be2546,1124,"Volume","Uruguay Community",https://youtu.be/placeholder,"A challenging demon level: Volume",1,EASY,120,100%,https://img.youtube.com/vi/placeholder-1124/maxresdefault.jpg,2026-05-09T03:20:35.269Z,2026-05-09T03:20:35.269Z
932ab6e2-be34-44f7-97ab-18b4d038153f,1127,"reverence","Uruguay Community",https://youtu.be/placeholder,"A challenging demon level: reverence",1,EASY,120,100%,https://img.youtube.com/vi/placeholder-1127/maxresdefault.jpg,2026-05-09T03:20:35.269Z,2026-05-09T03:20:35.269Z
56c6c1f2-eb85-4b2a-8dce-1f212162779a,1131,"Napalm","Uruguay Community",https://youtu.be/placeholder,"A challenging demon level: Napalm",1,EASY,120,100%,https://img.youtube.com/vi/placeholder-1131/maxresdefault.jpg,2026-05-09T03:20:35.269Z,2026-05-09T03:20:35.269Z
eaa3446d-893f-4fd8-a904-6fb9c6ae2f2d,1132,"Stellaluna","Uruguay Community",https://youtu.be/placeholder,"A challenging demon level: Stellaluna",1,EASY,120,100%,https://img.youtube.com/vi/placeholder-1132/maxresdefault.jpg,2026-05-09T03:20:35.269Z,2026-05-09T03:20:35.269Z
af73876b-4cf7-42a9-8075-84db4ed71a3d,1134,"Tech Manifestation","Uruguay Community",https://youtu.be/placeholder,"A challenging demon level: Tech Manifestation",1,EASY,120,100%,https://img.youtube.com/vi/placeholder-1134/maxresdefault.jpg,2026-05-09T03:20:35.269Z,2026-05-09T03:20:35.269Z
1c61ff0f-5550-44c0-8bed-7d0d77a30816,1135,"ElectroLux","Uruguay Community",https://youtu.be/placeholder,"A challenging demon level: ElectroLux",1,EASY,120,100%,https://img.youtube.com/vi/placeholder-1135/maxresdefault.jpg,2026-05-09T03:20:35.269Z,2026-05-09T03:20:35.269Z
c6ab67ac-bab4-4363-8417-768459bfe5b0,1136,"Interstellar Entropy","Uruguay Community",https://youtu.be/placeholder,"A challenging demon level: Interstellar Entropy",1,EASY,120,100%,https://img.youtube.com/vi/placeholder-1136/maxresdefault.jpg,2026-05-09T03:20:35.269Z,2026-05-09T03:20:35.269Z
12abf898-3818-4751-b70a-fad3d4d034b1,1141,"Retention","Uruguay Community",https://youtu.be/placeholder,"A challenging demon level: Retention",1,EASY,120,100%,https://img.youtube.com/vi/placeholder-1141/maxresdefault.jpg,2026-05-09T03:20:35.269Z,2026-05-09T03:20:35.269Z
b5849bbe-75d1-4255-a74c-d30e2780f8d7,1142,"Falling Up","Uruguay Community",https://youtu.be/placeholder,"A challenging demon level: Falling Up",1,EASY,120,100%,https://img.youtube.com/vi/placeholder-1142/maxresdefault.jpg,2026-05-09T03:20:35.269Z,2026-05-09T03:20:35.269Z
22d46a36-54a7-4fd5-9f73-387bc8328bd6,1147,"La Llorona","Uruguay Community",https://youtu.be/placeholder,"A challenging demon level: La Llorona",1,EASY,120,100%,https://img.youtube.com/vi/placeholder-1147/maxresdefault.jpg,2026-05-09T03:20:35.269Z,2026-05-09T03:20:35.269Z
48267c6b-cfd0-4fb4-b78b-d056c5175358,1156,"ZOOOOOOOOOOOOOOOOOOM","Uruguay Community",https://youtu.be/placeholder,"A challenging demon level: ZOOOOOOOOOOOOOOOOOOM",1,EASY,120,100%,https://img.youtube.com/vi/placeholder-1156/maxresdefault.jpg,2026-05-09T03:20:35.269Z,2026-05-09T03:20:35.269Z
8e3c6110-eaa2-45fb-af46-0ac7f6075b8a,1158,"Red World Rebirth","Uruguay Community",https://youtu.be/placeholder,"A challenging demon level: Red World Rebirth",1,EASY,120,100%,https://img.youtube.com/vi/placeholder-1158/maxresdefault.jpg,2026-05-09T03:20:35.269Z,2026-05-09T03:20:35.269Z
ac867c74-1016-46c2-8e08-ad3704bb9e79,1167,"Heart Attack","Uruguay Community",https://youtu.be/placeholder,"A challenging demon level: Heart Attack",1,EASY,120,100%,https://img.youtube.com/vi/placeholder-1167/maxresdefault.jpg,2026-05-09T03:20:35.269Z,2026-05-09T03:20:35.269Z
272b1d2d-8240-463e-b4bc-b56130ee1f65,1169,"Dismal Duststorm","Uruguay Community",https://youtu.be/placeholder,"A challenging demon level: Dismal Duststorm",1,EASY,120,100%,https://img.youtube.com/vi/placeholder-1169/maxresdefault.jpg,2026-05-09T03:20:35.269Z,2026-05-09T03:20:35.269Z
732df1de-68f2-4810-8a7b-f90c89ffd052,1174,"Zettabyte","Uruguay Community",https://youtu.be/placeholder,"A challenging demon level: Zettabyte",1,EASY,120,100%,https://img.youtube.com/vi/placeholder-1174/maxresdefault.jpg,2026-05-09T03:20:35.269Z,2026-05-09T03:20:35.269Z
99bee35e-8769-4b28-a110-c3e18be34247,1184,"Deception Dive","Uruguay Community",https://youtu.be/placeholder,"A challenging demon level: Deception Dive",1,EASY,120,100%,https://img.youtube.com/vi/placeholder-1184/maxresdefault.jpg,2026-05-09T03:20:35.269Z,2026-05-09T03:20:35.269Z
884709d8-f812-4aea-82a6-4124f18404a3,1185,"Reanimate","Uruguay Community",https://youtu.be/placeholder,"A challenging demon level: Reanimate",1,EASY,120,100%,https://img.youtube.com/vi/placeholder-1185/maxresdefault.jpg,2026-05-09T03:20:35.269Z,2026-05-09T03:20:35.269Z
51a655b9-d1c0-4fd1-aa62-897c5c3008cd,1187,"Crowd Control","Uruguay Community",https://youtu.be/placeholder,"A challenging demon level: Crowd Control",1,EASY,120,100%,https://img.youtube.com/vi/placeholder-1187/maxresdefault.jpg,2026-05-09T03:20:35.269Z,2026-05-09T03:20:35.269Z
f7b227f8-a642-4a71-b5de-77ddba58ecc6,1193,"Elite Z Rebirth","Uruguay Community",https://youtu.be/placeholder,"A challenging demon level: Elite Z Rebirth",1,EASY,120,100%,https://img.youtube.com/vi/placeholder-1193/maxresdefault.jpg,2026-05-09T03:20:35.269Z,2026-05-09T03:20:35.269Z
b0140168-80cd-4a5a-b191-36b53fca11dc,1203,"Polish Alphabet","Uruguay Community",https://youtu.be/placeholder,"A challenging demon level: Polish Alphabet",1,EASY,120,100%,https://img.youtube.com/vi/placeholder-1203/maxresdefault.jpg,2026-05-09T03:20:35.269Z,2026-05-09T03:20:35.269Z
b5c1f441-f7f0-47c6-a974-385cb4396774,1204,"TROLLMACHINE","Uruguay Community",https://youtu.be/placeholder,"A challenging demon level: TROLLMACHINE",1,EASY,120,100%,https://img.youtube.com/vi/placeholder-1204/maxresdefault.jpg,2026-05-09T03:20:35.269Z,2026-05-09T03:20:35.269Z
657a6a50-eeef-480c-bf42-760f9f1071b7,1207,"STRATUS","Uruguay Community",https://youtu.be/placeholder,"A challenging demon level: STRATUS",1,EASY,120,100%,https://img.youtube.com/vi/placeholder-1207/maxresdefault.jpg,2026-05-09T03:20:35.269Z,2026-05-09T03:20:35.269Z
46ef2bf1-7205-4c3e-b5d4-d7e851cdcdee,1213,"The Flawless","Uruguay Community",https://youtu.be/placeholder,"A challenging demon level: The Flawless",1,EASY,120,100%,https://img.youtube.com/vi/placeholder-1213/maxresdefault.jpg,2026-05-09T03:20:35.269Z,2026-05-09T03:20:35.269Z
50a7b334-b500-447a-adcf-9b5791a1fb27,1220,"CICADA3302","Uruguay Community",https://youtu.be/placeholder,"A challenging demon level: CICADA3302",1,EASY,120,100%,https://img.youtube.com/vi/placeholder-1220/maxresdefault.jpg,2026-05-09T03:20:35.269Z,2026-05-09T03:20:35.269Z
cf6523da-89dd-40ab-8722-639700ff95ac,1221,"Maths","Uruguay Community",https://youtu.be/placeholder,"A challenging demon level: Maths",1,EASY,120,100%,https://img.youtube.com/vi/placeholder-1221/maxresdefault.jpg,2026-05-09T03:20:35.269Z,2026-05-09T03:20:35.269Z
faf1dd44-9fb2-4fe2-a95f-88c176ce21cd,1223,"Allegiance","Uruguay Community",https://youtu.be/placeholder,"A challenging demon level: Allegiance",1,EASY,120,100%,https://img.youtube.com/vi/placeholder-1223/maxresdefault.jpg,2026-05-09T03:20:35.269Z,2026-05-09T03:20:35.269Z
8b886b19-a38f-408b-b47a-f7bd4a483ecc,1236,"HyperSonic","Uruguay Community",https://youtu.be/placeholder,"A challenging demon level: HyperSonic",1,EASY,120,100%,https://img.youtube.com/vi/placeholder-1236/maxresdefault.jpg,2026-05-09T03:20:35.269Z,2026-05-09T03:20:35.269Z
3c7779ae-23c0-448c-be35-b7f996e9f377,1239,"Just DANCE","Uruguay Community",https://youtu.be/placeholder,"A challenging demon level: Just DANCE",1,EASY,120,100%,https://img.youtube.com/vi/placeholder-1239/maxresdefault.jpg,2026-05-09T03:20:35.269Z,2026-05-09T03:20:35.269Z
0070b8f2-e148-4f10-9aca-7764a1a6ad39,1240,"Incipient","Uruguay Community",https://youtu.be/placeholder,"A challenging demon level: Incipient",1,EASY,120,100%,https://img.youtube.com/vi/placeholder-1240/maxresdefault.jpg,2026-05-09T03:20:35.269Z,2026-05-09T03:20:35.269Z
95d48da1-f3dd-4e5b-aeaa-bc55bda91d9a,1263,"Virtual Collapse","Uruguay Community",https://youtu.be/placeholder,"A challenging demon level: Virtual Collapse",1,EASY,120,100%,https://img.youtube.com/vi/placeholder-1263/maxresdefault.jpg,2026-05-09T03:20:35.269Z,2026-05-09T03:20:35.269Z
e0451462-a26a-43e3-bbb1-c4f5598dcf49,1265,"Redemption","Uruguay Community",https://youtu.be/placeholder,"A challenging demon level: Redemption",1,EASY,120,100%,https://img.youtube.com/vi/placeholder-1265/maxresdefault.jpg,2026-05-09T03:20:35.269Z,2026-05-09T03:20:35.269Z
4102f231-a987-403f-9ee3-1813bfd044b3,1266,"Robi","Uruguay Community",https://youtu.be/placeholder,"A challenging demon level: Robi",1,EASY,120,100%,https://img.youtube.com/vi/placeholder-1266/maxresdefault.jpg,2026-05-09T03:20:35.269Z,2026-05-09T03:20:35.269Z
b3041b4e-ef03-46a1-b0c0-1f0840645a3c,1269,"AcropoliX","Uruguay Community",https://youtu.be/placeholder,"A challenging demon level: AcropoliX",1,EASY,120,100%,https://img.youtube.com/vi/placeholder-1269/maxresdefault.jpg,2026-05-09T03:20:35.269Z,2026-05-09T03:20:35.269Z
d5108db5-069e-4fec-a758-c84a23d10415,1275,"Hidden in the Sand","Uruguay Community",https://youtu.be/placeholder,"A challenging demon level: Hidden in the Sand",1,EASY,120,100%,https://img.youtube.com/vi/placeholder-1275/maxresdefault.jpg,2026-05-09T03:20:35.269Z,2026-05-09T03:20:35.269Z
e603bcd0-5525-415e-b4b1-93094216210c,1276,"robotchief exposal","Uruguay Community",https://youtu.be/placeholder,"A challenging demon level: robotchief exposal",1,EASY,120,100%,https://img.youtube.com/vi/placeholder-1276/maxresdefault.jpg,2026-05-09T03:20:35.269Z,2026-05-09T03:20:35.269Z
a621dfdb-2c87-4575-9b4c-c09d74a5fc15,1283,"Uprise","Uruguay Community",https://youtu.be/placeholder,"A challenging demon level: Uprise",1,EASY,120,100%,https://img.youtube.com/vi/placeholder-1283/maxresdefault.jpg,2026-05-09T03:20:35.269Z,2026-05-09T03:20:35.269Z
7b585aec-c91c-4ca3-8680-fc1e344b7f0f,1287,"Clarity","Uruguay Community",https://youtu.be/placeholder,"A challenging demon level: Clarity",1,EASY,120,100%,https://img.youtube.com/vi/placeholder-1287/maxresdefault.jpg,2026-05-09T03:20:35.269Z,2026-05-09T03:20:35.269Z
31d52fe9-08ac-4c22-8dcb-32a71820d716,1294,"Make it Drop","Uruguay Community",https://youtu.be/placeholder,"A challenging demon level: Make it Drop",1,EASY,120,100%,https://img.youtube.com/vi/placeholder-1294/maxresdefault.jpg,2026-05-09T03:20:35.269Z,2026-05-09T03:20:35.269Z
77fa339b-c219-4cac-9481-0f2dbb40e2f4,1297,"Plasmatic","Uruguay Community",https://youtu.be/placeholder,"A challenging demon level: Plasmatic",1,EASY,120,100%,https://img.youtube.com/vi/placeholder-1297/maxresdefault.jpg,2026-05-09T03:20:35.269Z,2026-05-09T03:20:35.269Z
afeada28-635b-4961-95b5-65173593cd4d,1299,"Bangarang","Uruguay Community",https://youtu.be/placeholder,"A challenging demon level: Bangarang",1,EASY,120,100%,https://img.youtube.com/vi/placeholder-1299/maxresdefault.jpg,2026-05-09T03:20:35.269Z,2026-05-09T03:20:35.269Z
e9738bec-d853-4227-86b2-7ba2914c27e0,1302,"Dark Odyssey","Uruguay Community",https://youtu.be/placeholder,"A challenging demon level: Dark Odyssey",1,EASY,120,100%,https://img.youtube.com/vi/placeholder-1302/maxresdefault.jpg,2026-05-09T03:20:35.269Z,2026-05-09T03:20:35.269Z
aa4fa8d5-ce96-41e5-ada1-932471dbc6ee,1309,"reverie","Uruguay Community",https://youtu.be/placeholder,"A challenging demon level: reverie",1,EASY,120,100%,https://img.youtube.com/vi/placeholder-1309/maxresdefault.jpg,2026-05-09T03:20:35.269Z,2026-05-09T03:20:35.269Z
8dfd87e7-218d-4d97-ae83-18cda08fcddc,1311,"8o X","Uruguay Community",https://youtu.be/placeholder,"A challenging demon level: 8o X",1,EASY,120,100%,https://img.youtube.com/vi/placeholder-1311/maxresdefault.jpg,2026-05-09T03:20:35.269Z,2026-05-09T03:20:35.269Z
b030ca58-1131-4e79-aeb3-0e2ec0aa2265,1318,"Anya III","Uruguay Community",https://youtu.be/placeholder,"A challenging demon level: Anya III",1,EASY,120,100%,https://img.youtube.com/vi/placeholder-1318/maxresdefault.jpg,2026-05-09T03:20:35.269Z,2026-05-09T03:20:35.269Z
883e51e5-3e28-4862-adb3-217ab35703db,1320,"Forbidden Isle","Uruguay Community",https://youtu.be/placeholder,"A challenging demon level: Forbidden Isle",1,EASY,120,100%,https://img.youtube.com/vi/placeholder-1320/maxresdefault.jpg,2026-05-09T03:20:35.269Z,2026-05-09T03:20:35.269Z
6353a85a-db28-4b56-a51b-51ac49fe8466,1322,"The Lost Existence","Uruguay Community",https://youtu.be/placeholder,"A challenging demon level: The Lost Existence",1,EASY,120,100%,https://img.youtube.com/vi/placeholder-1322/maxresdefault.jpg,2026-05-09T03:20:35.269Z,2026-05-09T03:20:35.269Z
299aca92-3768-49c3-89d0-8fdcb83928a6,1340,"Cataclysm","Uruguay Community",https://youtu.be/placeholder,"A challenging demon level: Cataclysm",1,EASY,120,100%,https://img.youtube.com/vi/placeholder-1340/maxresdefault.jpg,2026-05-09T03:20:35.269Z,2026-05-09T03:20:35.269Z
acd6ba99-3f26-4460-ad26-2d1881c401a2,1342,"Lost Love","Uruguay Community",https://youtu.be/placeholder,"A challenging demon level: Lost Love",1,EASY,120,100%,https://img.youtube.com/vi/placeholder-1342/maxresdefault.jpg,2026-05-09T03:20:35.269Z,2026-05-09T03:20:35.269Z
4da93be7-4a65-460a-8571-f9fc0fb50bc7,1349,"Komodo","Uruguay Community",https://youtu.be/placeholder,"A challenging demon level: Komodo",1,EASY,120,100%,https://img.youtube.com/vi/placeholder-1349/maxresdefault.jpg,2026-05-09T03:20:35.269Z,2026-05-09T03:20:35.269Z
c6770927-23b8-4db2-8b30-ffe150bbb3a4,1352,"Glisten","Uruguay Community",https://youtu.be/placeholder,"A challenging demon level: Glisten",1,EASY,120,100%,https://img.youtube.com/vi/placeholder-1352/maxresdefault.jpg,2026-05-09T03:20:35.269Z,2026-05-09T03:20:35.269Z
372b3cc5-f778-4677-b1c3-b91d55f5abd8,1354,"Kanpai","Uruguay Community",https://youtu.be/placeholder,"A challenging demon level: Kanpai",1,EASY,120,100%,https://img.youtube.com/vi/placeholder-1354/maxresdefault.jpg,2026-05-09T03:20:35.269Z,2026-05-09T03:20:35.269Z
2727e6de-7489-4e82-bea7-9fe9180ddab5,1357,"Proteus","Uruguay Community",https://youtu.be/placeholder,"A challenging demon level: Proteus",1,EASY,120,100%,https://img.youtube.com/vi/placeholder-1357/maxresdefault.jpg,2026-05-09T03:20:35.269Z,2026-05-09T03:20:35.269Z
74564b92-311e-4ffa-9f46-8d00d25211cc,1359,"9Blue","Uruguay Community",https://youtu.be/placeholder,"A challenging demon level: 9Blue",1,EASY,120,100%,https://img.youtube.com/vi/placeholder-1359/maxresdefault.jpg,2026-05-09T03:20:35.269Z,2026-05-09T03:20:35.269Z
e5a87ed9-3e0a-4499-a15c-f0f655620617,1363,"Azurite","Uruguay Community",https://youtu.be/placeholder,"A challenging demon level: Azurite",1,EASY,120,100%,https://img.youtube.com/vi/placeholder-1363/maxresdefault.jpg,2026-05-09T03:20:35.269Z,2026-05-09T03:20:35.269Z
67c1dac8-c81b-4dd9-9a88-90e3fc842118,1365,"Flappy Dynamix II","Uruguay Community",https://youtu.be/placeholder,"A challenging demon level: Flappy Dynamix II",1,EASY,120,100%,https://img.youtube.com/vi/placeholder-1365/maxresdefault.jpg,2026-05-09T03:20:35.269Z,2026-05-09T03:20:35.269Z
9870b8bd-cf91-421b-a54a-91a5753d1ba9,1367,"The Depths Above","Uruguay Community",https://youtu.be/placeholder,"A challenging demon level: The Depths Above",1,EASY,120,100%,https://img.youtube.com/vi/placeholder-1367/maxresdefault.jpg,2026-05-09T03:20:35.269Z,2026-05-09T03:20:35.269Z
e08ec806-ce04-41cf-8ad8-ea8e97c29a97,1380,"Mystic Bounds","Uruguay Community",https://youtu.be/placeholder,"A challenging demon level: Mystic Bounds",1,EASY,120,100%,https://img.youtube.com/vi/placeholder-1380/maxresdefault.jpg,2026-05-09T03:20:35.269Z,2026-05-09T03:20:35.269Z
60cf89fd-3ad6-4d9a-b667-85297e250121,1382,"Mizureta","Uruguay Community",https://youtu.be/placeholder,"A challenging demon level: Mizureta",1,EASY,120,100%,https://img.youtube.com/vi/placeholder-1382/maxresdefault.jpg,2026-05-09T03:20:35.269Z,2026-05-09T03:20:35.269Z
78c39298-43e5-45fe-9de3-6cf35304288d,1383,"Misty Mountains","Uruguay Community",https://youtu.be/placeholder,"A challenging demon level: Misty Mountains",1,EASY,120,100%,https://img.youtube.com/vi/placeholder-1383/maxresdefault.jpg,2026-05-09T03:20:35.269Z,2026-05-09T03:20:35.269Z
6428f295-84a9-4460-a9db-28ba58196184,1385,"Niwa","Uruguay Community",https://youtu.be/placeholder,"A challenging demon level: Niwa",1,EASY,120,100%,https://img.youtube.com/vi/placeholder-1385/maxresdefault.jpg,2026-05-09T03:20:35.269Z,2026-05-09T03:20:35.269Z
3345dffe-6ced-4d9d-b9e3-5b76dab06ebc,1386,"Without U","Uruguay Community",https://youtu.be/placeholder,"A challenging demon level: Without U",1,EASY,120,100%,https://img.youtube.com/vi/placeholder-1386/maxresdefault.jpg,2026-05-09T03:20:35.269Z,2026-05-09T03:20:35.269Z
d97cefbe-7719-42fd-9f6b-2c9fced3f4d9,1392,"Prismatic","Uruguay Community",https://youtu.be/placeholder,"A challenging demon level: Prismatic",1,EASY,120,100%,https://img.youtube.com/vi/placeholder-1392/maxresdefault.jpg,2026-05-09T03:20:35.269Z,2026-05-09T03:20:35.269Z
da5d0adf-e6af-4340-aab8-6e0711c3d470,1411,"Troll Level","Uruguay Community",https://youtu.be/placeholder,"A challenging demon level: Troll Level",1,EASY,120,100%,https://img.youtube.com/vi/placeholder-1411/maxresdefault.jpg,2026-05-09T03:20:35.269Z,2026-05-09T03:20:35.269Z
0be8ec0e-f784-41d0-8e6b-e07d34d80200,1421,"Sweater Weather","Uruguay Community",https://youtu.be/placeholder,"A challenging demon level: Sweater Weather",1,EASY,120,100%,https://img.youtube.com/vi/placeholder-1421/maxresdefault.jpg,2026-05-09T03:20:35.269Z,2026-05-09T03:20:35.269Z
fc9eca93-925d-4d88-8123-5e08d810ff3b,1422,"Acu","Uruguay Community",https://youtu.be/placeholder,"A challenging demon level: Acu",1,EASY,120,100%,https://img.youtube.com/vi/placeholder-1422/maxresdefault.jpg,2026-05-09T03:20:35.269Z,2026-05-09T03:20:35.269Z
49eb29a2-9034-49c5-a129-91004f0b2d01,1424,"Through The Decay","Uruguay Community",https://youtu.be/placeholder,"A challenging demon level: Through The Decay",1,EASY,120,100%,https://img.youtube.com/vi/placeholder-1424/maxresdefault.jpg,2026-05-09T03:20:35.269Z,2026-05-09T03:20:35.269Z
815d686d-e2ee-4576-8046-9fd7bfc2b679,1425,"Precipitance","Uruguay Community",https://youtu.be/placeholder,"A challenging demon level: Precipitance",1,EASY,120,100%,https://img.youtube.com/vi/placeholder-1425/maxresdefault.jpg,2026-05-09T03:20:35.269Z,2026-05-09T03:20:35.269Z
cee3d1ae-3773-499f-a6e5-7a5b05f3fb33,1426,"Red World","Uruguay Community",https://youtu.be/placeholder,"A challenging demon level: Red World",1,EASY,120,100%,https://img.youtube.com/vi/placeholder-1426/maxresdefault.jpg,2026-05-09T03:20:35.269Z,2026-05-09T03:20:35.269Z